{
    "61e0a8a1b8575": {
        "content": "jejejejejejejejeje",
        "teamid": "id1",
        "from": "admin",
        "date": "2022\/01\/13",
        "id": "61e0a8a1b8575"
    },
    "61e0a8a7f26ce": {
        "content": "valaki",
        "teamid": "id1",
        "from": "admin",
        "date": "2022\/01\/13",
        "id": "61e0a8a7f26ce"
    },
    "61e0aa62f1f94": {
        "content": "valami",
        "teamid": "id1",
        "from": "admin",
        "date": "2022\/01\/13",
        "id": "61e0aa62f1f94"
    }
}