{
    "mid1": {
        "home": {
            "id": "id1",
            "score": 8
        },
        "away": {
            "id": "id2",
            "score": 2
        },
        "id": "mid1",
        "date": "2021-11-11"
    },
    "mid2": {
        "home": {
            "id": "id3",
            "score": 1
        },
        "away": {
            "id": "id4",
            "score": 3
        },
        "id": "mid2",
        "date": "2021-11-12"
    },
    "mid3": {
        "home": {
            "id": "id5",
            "score": 6
        },
        "away": {
            "id": "id6",
            "score": 5
        },
        "id": "mid3",
        "date": "2021-11-13"
    },
    "mid4": {
        "home": {
            "id": "id7",
            "score": 1
        },
        "away": {
            "id": "id1",
            "score": 6
        },
        "id": "mid4",
        "date": "2021-11-14"
    },
    "mid5": {
        "home": {
            "id": "id1",
            "score": 6
        },
        "away": {
            "id": "id3",
            "score": 9
        },
        "id": "mid5",
        "date": "2021-11-15"
    },
    "mid6": {
        "home": {
            "id": "id1",
            "score": 2
        },
        "away": {
            "id": "id4",
            "score": 2
        },
        "id": "mid6",
        "date": "2021-11-16"
    },
    "mid7": {
        "home": {
            "id": "id5",
            "score": 8
        },
        "away": {
            "id": "id1",
            "score": 2
        },
        "id": "mid7",
        "date": "2021-11-17"
    },
    "mid8": {
        "home": {
            "id": "id1",
            "score": 9
        },
        "away": {
            "id": "id6",
            "score": 6
        },
        "id": "mid8",
        "date": "2021-11-18"
    },
    "mid9": {
        "home": {
            "id": "id7",
            "score": 4
        },
        "away": {
            "id": "id1",
            "score": 6
        },
        "id": "mid9",
        "date": "2021-11-19"
    },
    "mid10": {
        "home": {
            "id": "id4",
            "score": "nan"
        },
        "away": {
            "id": "id1",
            "score": "nan"
        },
        "id": "mid10",
        "date": "2022-11-19"
    }
}